{
    "name": "Global Information",
    "numberOfRequests": {
        "total": 75,
        "ok": 75,
        "ko": 0
    },
    "minResponseTime": {
        "total": 30,
        "ok": 30,
        "ko": -1
    },
    "maxResponseTime": {
        "total": 180,
        "ok": 180,
        "ko": -1
    },
    "meanResponseTime": {
        "total": 68,
        "ok": 68,
        "ko": -1
    },
    "standardDeviation": {
        "total": 49,
        "ok": 49,
        "ko": -1
    },
    "percentiles1": {
        "total": 160,
        "ok": 160,
        "ko": -1
    },
    "percentiles2": {
        "total": 180,
        "ok": 180,
        "ko": -1
    },
    "group1": {
        "name": "t < 800 ms",
        "count": 75,
        "percentage": 100
    },
    "group2": {
        "name": "800 ms < t < 1200 ms",
        "count": 0,
        "percentage": 0
    },
    "group3": {
        "name": "t > 1200 ms",
        "count": 0,
        "percentage": 0
    },
    "group4": {
        "name": "failed",
        "count": 0,
        "percentage": 0
    },
    "meanNumberOfRequestsPerSecond": {
        "total": 1,
        "ok": 1,
        "ko": -1
    }
}