{
    "name": "Global Information",
    "numberOfRequests": {
        "total": 165,
        "ok": 165,
        "ko": 0
    },
    "minResponseTime": {
        "total": 30,
        "ok": 30,
        "ko": -1
    },
    "maxResponseTime": {
        "total": 390,
        "ok": 390,
        "ko": -1
    },
    "meanResponseTime": {
        "total": 95,
        "ok": 95,
        "ko": -1
    },
    "standardDeviation": {
        "total": 84,
        "ok": 84,
        "ko": -1
    },
    "percentiles1": {
        "total": 200,
        "ok": 200,
        "ko": -1
    },
    "percentiles2": {
        "total": 380,
        "ok": 380,
        "ko": -1
    },
    "group1": {
        "name": "t < 800 ms",
        "count": 165,
        "percentage": 100
    },
    "group2": {
        "name": "800 ms < t < 1200 ms",
        "count": 0,
        "percentage": 0
    },
    "group3": {
        "name": "t > 1200 ms",
        "count": 0,
        "percentage": 0
    },
    "group4": {
        "name": "failed",
        "count": 0,
        "percentage": 0
    },
    "meanNumberOfRequestsPerSecond": {
        "total": 1,
        "ok": 1,
        "ko": -1
    }
}